Type,Name,Ident,Latitude,Longitude,Elevation,Magnetic Declination,Tags,Description,Region,Visible From,Last Edit,Import Filename
Waypoint,Alfa,EPBAA,49.84833,19.03028,,,,EPBA/VFR,,,,
Waypoint,Bravo,EPBAB,49.80528,18.89139,,,,EPBA/VFR,,,,
Waypoint,Charlie,EPBAC,49.78583,19.06778,,,,EPBA/VFR,,,,
Waypoint,Delta,EPBKD,53.10972,23.23583,,,,EPBK/VFR,,,,
Waypoint,Kilo,EPBKK,53.08194,23.10167,,,,EPBK/VFR,,,,
Waypoint,Lima,EPBKL,53.03000,23.12361,,,,EPBK/VFR,,,,
Waypoint,Oscar,EPBKO,53.18528,23.26222,,,,EPBK/VFR,,,,
Waypoint,Papa,EPBKP,53.13889,23.05833,,,,EPBK/VFR,,,,
Waypoint,Romeo,EPBKR,53.05222,23.33556,,,,EPBK/VFR,,,,
Waypoint,Kilo,EPBYK,52.97250,17.72278,,,,EPBY/IFR/VFR,,,,
Waypoint,Lima,EPBYL,52.95167,17.92028,,,,EPBY/IFR/VFR,,,,
Waypoint,Mike,EPBYM,53.22361,18.03694,,,,EPBY/IFR/VFR,,,,
Waypoint,November,EPBYN,53.17611,18.05639,,,,EPBY/IFR/VFR,,,,
Waypoint,Oscar,EPBYO,53.13972,17.59167,,,,EPBY/IFR/VFR,,,,
Waypoint,Papa,EPBYP,53.15694,17.88861,,,,EPBY/IFR/VFR,,,,
Waypoint,Romeo,EPBYR,53.15333,18.00194,,,,EPBY/IFR/VFR,,,,
Waypoint,Sierra,EPBYS,53.05250,17.99611,,,,EPBY/IFR/VFR,,,,
Waypoint,Uniform,EPBYU,53.20778,18.37861,,,,EPBY/IFR/VFR,,,,
Waypoint,Whiskey,EPBYW,52.97611,18.09944,,,,EPBY/IFR/VFR,,,,
Waypoint,Kilo,EPCDK,51.02861,23.22083,,,,EPCD/VFR,,,,
Waypoint,November,EPCDN,51.16778,23.35000,,,,EPCD/VFR,,,,
Waypoint,Romeo,EPCDR,51.12139,23.22917,,,,EPCD/VFR,,,,
Waypoint,Zulu,EPCDZ,51.01861,23.37083,,,,EPCD/VFR,,,,
Waypoint,Golf,EPCEG,54.55278,17.83639,,,,EPCE/MIL,,,,
Waypoint,Hotel,EPCEH,54.50472,17.63972,,,,EPCE/MIL,,,,
Waypoint,India,EPCEI,54.49694,17.49444,,,,EPCE/MIL,,,,
Waypoint,Juliett,EPCEJ,54.35472,17.57556,,,,EPCE/MIL,,,,
Waypoint,Kilo,EPCEK,54.35028,17.90333,,,,EPCE/MIL,,,,
Waypoint,Lima,EPCEL,54.47056,18.03472,,,,EPCE/MIL,,,,
Waypoint,Sierra,EPCES,54.32528,17.79056,,,,EPCE/MIL,,,,
Waypoint,Echo,EPDAE,54.38472,16.39667,,,,EPDA/MIL,,,,
Waypoint,Golf,EPDAG,54.44000,16.37333,,,,EPDA/MIL,,,,
Waypoint,Hotel,EPDAH,54.47750,16.65167,,,,EPDA/MIL,,,,
Waypoint,Juliett,EPDAJ,54.54000,16.54500,,,,EPDA/MIL,,,,
Waypoint,Lima,EPDAL,54.30667,16.19667,,,,EPDA/MIL,,,,
Waypoint,Oscar,EPDAO,54.35833,16.51500,,,,EPDA/MIL,,,,
Waypoint,Whiskey,EPDAW,54.30833,16.38611,,,,EPDA/MIL,,,,
Waypoint,Bravo,EPDEB,51.56750,22.13111,,,,EPDE/MIL,,,,
Waypoint,Delta,EPDED,51.54861,21.69222,,,,EPDE/MIL,,,,
Waypoint,Golf,EPDEG,51.48139,21.91139,,,,EPDE/MIL,,,,
Waypoint,Kilo,EPDEK,51.41222,22.05333,,,,EPDE/MIL,,,,
Waypoint,Lima,EPDEL,51.73972,21.67472,,,,EPDE/MIL,,,,
Waypoint,Mike,EPDEM,51.52361,22.31583,,,,EPDE/MIL,,,,
Waypoint,November,EPDEN,51.58667,21.93889,,,,EPDE/MIL,,,,
Waypoint,Oscar,EPDEO,51.53500,21.76111,,,,EPDE/MIL,,,,
Waypoint,Papa,EPDEP,51.41111,21.92833,,,,EPDE/MIL,,,,
Waypoint,Sierra,EPDES,51.52361,21.86611,,,,EPDE/MIL,,,,
Waypoint,Whiskey,EPDEW,51.58917,21.54111,,,,EPDE/MIL,,,,
Waypoint,Yankee,EPDEY,51.63972,21.98361,,,,EPDE/MIL,,,,
Waypoint,Zulu,EPDEZ,51.36306,22.29417,,,,EPDE/MIL,,,,
Waypoint,Golf,EPGDG,54.37444,18.77889,,,,EPGD/IFR/VFR,,,,
Waypoint,India,EPGDI,54.47111,18.30972,,,,EPGD/IFR/VFR,,,,
Waypoint,Mike,EPGDM,54.44472,18.54444,,,,EPGD/IFR/VFR,,,,
Waypoint,November,EPGDN,54.41167,18.48500,,,,EPGD/IFR/VFR,,,,
Waypoint,Sierra,EPGDS,54.34500,18.43500,,,,EPGD/IFR/VFR,,,,
Waypoint,X-ray,EPGDX,54.27611,18.48944,,,,EPGD/IFR/VFR,,,,
Waypoint,Zulu,EPGDZ,54.32500,18.18361,,,,EPGD/IFR/VFR,,,,
Waypoint,Echo,EPGIE,53.43778,18.94417,,,,EPGI/VFR,,,,
Waypoint,Golf,EPGIG,53.61083,18.94639,,,,EPGI/VFR,,,,
Waypoint,Mike,EPGIM,53.48389,18.73972,,,,EPGI/VFR,,,,
Waypoint,Oscar,EPGIO,53.55528,18.76556,,,,EPGI/VFR,,,,
Waypoint,Romeo,EPGIR,53.52333,18.95556,,,,EPGI/VFR,,,,
Waypoint,Juliett,EPINJ,52.85611,18.19889,,,,EPIN/VFR,,,,
Waypoint,Mike,EPINM,52.67722,18.00750,,,,EPIN/VFR,,,,
Waypoint,November,EPINN,52.89417,18.31611,,,,EPIN/VFR,,,,
Waypoint,Papa,EPINP,52.83389,18.65361,,,,EPIN/VFR,,,,
Waypoint,Romeo,EPINR,52.63139,18.53500,,,,EPIN/VFR,,,,
Waypoint,Sierra,EPINS,52.73194,18.26972,,,,EPIN/VFR,,,,
Waypoint,Whiskey,EPINW,52.81417,18.47167,,,,EPIN/VFR,,,,
Waypoint,Zulu,EPIRZ,52.90333,18.14111,,,,EPIR/MIL,,,,
Waypoint,Alfa,EPJSA,50.96111,15.79639,,,,EPJS/VFR,,,,
Waypoint,Juliett,EPJSJ,50.87472,15.92000,,,,EPJS/VFR,,,,
Waypoint,Papa,EPJSP,50.96361,15.64500,,,,EPJS/VFR,,,,
Waypoint,Sierra,EPJSS,50.82944,15.70722,,,,EPJS/VFR,,,,
Waypoint,Whiskey,EPJSW,50.93833,15.90917,,,,EPJS/VFR,,,,
Waypoint,Zulu,EPJSZ,50.88389,15.81111,,,,EPJS/VFR,,,,
Waypoint,Delta,EPKAD,50.80167,20.80583,,,,EPKA/VFR,,,,
Waypoint,Kilo,EPKAK,50.90833,20.57972,,,,EPKA/VFR,,,,
Waypoint,Tango,EPKAT,50.84139,20.64194,,,,EPKA/VFR,,,,
Waypoint,Whiskey,EPKAW,50.84528,20.85722,,,,EPKA/VFR,,,,
Waypoint,Zulu,EPKAZ,50.97444,20.66056,,,,EPKA/VFR,,,,
Waypoint,Echo,EPKEE,54.01194,21.58361,,,,EPKE/VFR,,,,
Waypoint,Sierra,EPKES,53.95333,21.37139,,,,EPKE/VFR,,,,
Waypoint,Whiskey,EPKEW,54.02556,21.21722,,,,EPKE/VFR,,,,
Waypoint,Bravo,EPKKB,50.26472,19.43472,,,,EPKK/IFR/VFR,,,,
Waypoint,Delta,EPKKD,49.85694,20.14167,,,,EPKK/IFR/VFR,,,,
Waypoint,Echo,EPKKE,50.04194,20.09778,,,,EPKK/IFR/VFR,,,,
Waypoint,Hotel,EPKKH,50.31806,19.23722,,,,EPKK/IFR/VFR,,,,
Waypoint,India,EPKKI,50.15000,19.63333,,,,EPKK/IFR/VFR,,,,
Waypoint,Kilo,EPKKK,50.05000,19.80000,,,,EPKK/IFR/VFR,,,,
Waypoint,Lima,EPKKL,50.13639,20.11444,,,,EPKK/IFR/VFR,,,,
Waypoint,Mike,EPKKM,50.35000,20.03333,,,,EPKK/IFR/VFR,,,,
Waypoint,Oscar,EPKKO,50.20000,19.88333,,,,EPKK/IFR/VFR,,,,
Waypoint,Romeo,EPKKR,49.91083,19.41278,,,,EPKK/IFR/VFR,,,,
Waypoint,Sierra,EPKKS,49.98333,19.81667,,,,EPKK/IFR/VFR,,,,
Waypoint,Uniform,EPKKU,49.79194,19.77806,,,,EPKK/IFR/VFR,,,,
Waypoint,Zulu,EPKKZ,50.10917,19.77944,,,,EPKK/IFR/VFR,,,,
Waypoint,Mike,EPKMM,50.17889,18.90694,,,,EPKM/VFR,,,,
Waypoint,Papa,EPKMP,50.39472,18.62917,,,,EPKM/VFR,,,,
Waypoint,Sierra,EPKMS,50.13250,19.02500,,,,EPKM/VFR,,,,
Waypoint,Tango,EPKMT,50.35389,18.86639,,,,EPKM/VFR,,,,
Waypoint,November,EPKPN,50.12028,20.37889,,,,EPKP/VFR,,,,
Waypoint,Papa,EPKPP,50.02111,20.15167,,,,EPKP/VFR,,,,
Waypoint,Tango,EPKPT,50.11167,20.23556,,,,EPKP/VFR,,,,
Waypoint,Zulu,EPKPZ,50.05306,20.32917,,,,EPKP/VFR,,,,
Waypoint,Bravo,EPKRB,49.76250,21.68472,,,,EPKR/VFR,,,,
Waypoint,Hotel,EPKRH,49.67028,21.88917,,,,EPKR/VFR,,,,
Waypoint,India,EPKRI,49.60500,21.80694,,,,EPKR/VFR,,,,
Waypoint,Kilo,EPKRK,49.66556,21.61083,,,,EPKR/VFR,,,,
Waypoint,Charlie,EPKTC,50.62361,18.83611,,,,EPKT/IFR/VFR,,,,
Waypoint,Golf,EPKTG,50.40361,19.05500,,,,EPKT/IFR/VFR,,,,
Waypoint,Juliett,EPKTJ,50.67167,19.20500,,,,EPKT/IFR/VFR,,,,
Waypoint,November,EPKTN,50.49722,19.07917,,,,EPKT/IFR/VFR,,,,
Waypoint,Whiskey,EPKTW,50.58333,19.05833,,,,EPKT/IFR/VFR,,,,
Waypoint,X-ray,EPKTX,50.45389,19.08139,,,,EPKT/IFR/VFR,,,,
Waypoint,Bravo,EPLBB,51.09028,22.28778,,,,EPLB/IFR/VFR,,,,
Waypoint,Delta,EPLBD,51.34556,22.64056,,,,EPLB/IFR/VFR,,,,
Waypoint,Echo,EPLBE,51.16056,22.94528,,,,EPLB/IFR/VFR,,,,
Waypoint,Juliett,EPLBJ,51.10083,22.58278,,,,EPLB/IFR/VFR,,,,
Waypoint,Kilo,EPLBK,51.11583,22.76194,,,,EPLB/IFR/VFR,,,,
Waypoint,Lima,EPLBL,51.30389,22.87028,,,,EPLB/IFR/VFR,,,,
Waypoint,Papa,EPLBP,51.13000,22.83694,,,,EPLB/IFR/VFR,,,,
Waypoint,Romeo,EPLBR,51.32833,22.99694,,,,EPLB/IFR/VFR,,,,
Waypoint,Sierra,EPLBS,51.22167,22.74194,,,,EPLB/IFR/VFR,,,,
Waypoint,Tango,EPLBT,51.28028,22.70389,,,,EPLB/IFR/VFR,,,,
Waypoint,Whiskey,EPLBW,51.34972,22.34500,,,,EPLB/IFR/VFR,,,,
Waypoint,Zulu,EPLBZ,51.17778,22.52833,,,,EPLB/IFR/VFR,,,,
Waypoint,Bravo,EPLKB,51.34333,19.37639,,,,EPLK/MIL,,,,
Waypoint,Delta,EPLKD,51.69000,18.98083,,,,EPLK/MIL,,,,
Waypoint,Golf,EPLKG,51.56444,19.51917,,,,EPLK/MIL,,,,
Waypoint,Mike,EPLKM,51.45806,18.83750,,,,EPLK/MIL,,,,
Waypoint,November,EPLKN,51.57000,19.18806,,,,EPLK/MIL,,,,
Waypoint,Sierra,EPLKS,51.53306,19.17222,,,,EPLK/MIL,,,,
Waypoint,X-ray,EPLKX,51.51250,19.02556,,,,EPLK/MIL,,,,
Waypoint,Zulu,EPLKZ,51.46556,19.21889,,,,EPLK/MIL,,,,
Waypoint,Charlie,EPLLC,51.73194,18.95361,,,,EPLL/IFR/VFR,,,,
Waypoint,Echo,EPLLE,51.80000,19.63611,,,,EPLL/IFR/VFR,,,,
Waypoint,Golf,EPLLG,51.69056,19.13389,,,,EPLL/IFR/VFR,,,,
Waypoint,Hotel,EPLLH,51.63778,19.27139,,,,EPLL/IFR/VFR,,,,
Waypoint,Kilo,EPLLK,51.72861,19.81056,,,,EPLL/IFR/VFR,,,,
Waypoint,Lima,EPLLL,51.80944,19.28611,,,,EPLL/IFR/VFR,,,,
Waypoint,Romeo,EPLLR,51.63889,19.49861,,,,EPLL/IFR/VFR,,,,
Waypoint,Sierra,EPLLS,51.69028,19.44333,,,,EPLL/IFR/VFR,,,,
Waypoint,Whiskey,EPLLW,51.74444,19.12000,,,,EPLL/IFR/VFR,,,,
Waypoint,X-ray,EPLLX,51.89167,19.63500,,,,EPLL/IFR/VFR,,,,
Waypoint,Yankee,EPLLY,51.74861,19.35000,,,,EPLL/IFR/VFR,,,,
Waypoint,Delta,EPLYD,52.10056,18.86194,,,,EPLY/MIL,,,,
Waypoint,Foxtrot,EPLYF,51.99750,18.80250,,,,EPLY/MIL,,,,
Waypoint,India,EPLYI,51.97667,19.37528,,,,EPLY/MIL,,,,
Waypoint,November,EPLYN,52.05278,19.16833,,,,EPLY/MIL,,,,
Waypoint,Papa,EPLYP,52.00667,19.54361,,,,EPLY/MIL,,,,
Waypoint,Sierra,EPLYS,51.95639,19.18167,,,,EPLY/MIL,,,,
Waypoint,Delta,EPMBD,53.91389,19.35000,,,,EPMB/MIL,,,,
Waypoint,Foxtrot,EPMBF,53.91306,18.88667,,,,EPMB/MIL,,,,
Waypoint,Golf,EPMBG,54.14167,19.00833,,,,EPMB/MIL,,,,
Waypoint,Juliett,EPMBJ,54.12250,19.29583,,,,EPMB/MIL,,,,
Waypoint,Lima,EPMBL,54.06111,19.47222,,,,EPMB/MIL,,,,
Waypoint,November,EPMBN,54.06389,19.11667,,,,EPMB/MIL,,,,
Waypoint,Sierra,EPMBS,53.98667,19.15639,,,,EPMB/MIL,,,,
Waypoint,Delta,EPMID,53.27417,16.12250,,,,EPMI/MIL,,,,
Waypoint,Golf,EPMIG,53.37083,16.42778,,,,EPMI/MIL,,,,
Waypoint,Hotel,EPMIH,53.32889,16.04083,,,,EPMI/MIL,,,,
Waypoint,India,EPMII,53.36694,16.33889,,,,EPMI/MIL,,,,
Waypoint,Kilo,EPMIK,53.29833,15.90583,,,,EPMI/MIL,,,,
Waypoint,Lima,EPMIL,53.45833,15.94556,,,,EPMI/MIL,,,,
Waypoint,Mike,EPMIM,53.48278,16.34528,,,,EPMI/MIL,,,,
Waypoint,November,EPMIN,53.41250,16.09944,,,,EPMI/MIL,,,,
Waypoint,Oscar,EPMIO,53.44194,16.16667,,,,EPMI/MIL,,,,
Waypoint,Papa,EPMIP,53.34028,16.24500,,,,EPMI/MIL,,,,
Waypoint,Sierra,EPMIS,53.36806,16.08111,,,,EPMI/MIL,,,,
Waypoint,Tango,EPMIT,53.19389,16.15444,,,,EPMI/MIL,,,,
Waypoint,Victor,EPMIV,53.44306,16.26750,,,,EPMI/MIL,,,,
Waypoint,Whiskey,EPMIW,53.27694,16.46333,,,,EPMI/MIL,,,,
Waypoint,X-ray,EPMIX,53.49222,15.86056,,,,EPMI/MIL,,,,
Waypoint,Zulu,EPMIZ,53.52556,16.00583,,,,EPMI/MIL,,,,
Waypoint,Alfa,EPMLA,50.27611,21.60556,,,,EPML/VFR,,,,
Waypoint,Delta,EPMLD,50.17667,20.99583,,,,EPML/VFR,,,,
Waypoint,Juliett,EPMLJ,50.38278,21.45889,,,,EPML/VFR,,,,
Waypoint,Oscar,EPMLO,50.43472,21.06000,,,,EPML/VFR,,,,
Waypoint,Papa,EPMLP,50.42750,21.33056,,,,EPML/VFR,,,,
Waypoint,Romeo,EPMLR,50.19583,21.27694,,,,EPML/VFR,,,,
Waypoint,Sierra,EPMLS,50.26333,21.45917,,,,EPML/VFR,,,,
Waypoint,Golf,EPMMG,52.26944,21.91222,,,,EPMM/MIL,,,,
Waypoint,Kilo,EPMMK,52.11333,21.58528,,,,EPMM/MIL,,,,
Waypoint,Mike,EPMMM,52.10778,21.82778,,,,EPMM/MIL,,,,
Waypoint,November,EPMMN,52.24500,21.65111,,,,EPMM/MIL,,,,
Waypoint,Oscar,EPMMO,52.12389,22.02222,,,,EPMM/MIL,,,,
Waypoint,Romeo,EPMMR,52.30444,21.55000,,,,EPMM/MIL,,,,
Waypoint,Sierra,EPMMS,52.15000,21.66639,,,,EPMM/MIL,,,,
Waypoint,Hotel,EPMOH,52.54917,20.50111,,,,EPMO/IFR/VFR,,,,
Waypoint,India,EPMOI,52.47444,20.64861,,,,EPMO/IFR/VFR,,,,
Waypoint,Quebec,EPMOQ,52.37778,20.18694,,,,EPMO/IFR/VFR,,,,
Waypoint,Sierra,EPMOS,52.60583,20.39944,,,,EPMO/IFR/VFR,,,,
Waypoint,Uniform,EPMOU,52.42917,20.65417,,,,EPMO/IFR/VFR,,,,
Waypoint,Victor,EPMOV,52.39472,20.54056,,,,EPMO/IFR/VFR,,,,
Waypoint,Yankee,EPMOY,52.58000,20.77361,,,,EPMO/IFR/VFR,,,,
Waypoint,Alfa,EPMRA,50.89417,16.77250,,,,EPMR/VFR,,,,
Waypoint,Echo,EPMRE,50.92972,16.90278,,,,EPMR/VFR,,,,
Waypoint,Whiskey,EPMRW,50.95472,16.61694,,,,EPMR/VFR,,,,
Waypoint,Zulu,EPMRZ,50.97778,16.79056,,,,EPMR/VFR,,,,
Waypoint,Alfa,EPNCA,52.64306,20.94167,,,,EPNC/VFR,,,,
Waypoint,Bravo,EPNCB,52.53306,21.08139,,,,EPNC/VFR,,,,
Waypoint,Charlie,EPNCC,52.48861,20.92361,,,,EPNC/VFR,,,,
Waypoint,November,EPODN,53.83500,20.47500,,,,EPOD/VFR,,,,
Waypoint,Sierra,EPODS,53.69583,20.41278,,,,EPOD/VFR,,,,
Waypoint,Whiskey,EPODW,53.74722,20.23556,,,,EPOD/VFR,,,,
Waypoint,Charlie,EPOKC,54.55333,18.48083,,,,EPOK/MIL,,,,
Waypoint,Delta,EPOKD,54.53111,18.37583,,,,EPOK/MIL,,,,
Waypoint,Hotel,EPOKH,54.61028,18.79889,,,,EPOK/MIL,,,,
Waypoint,Juliett,EPOKJ,54.67889,18.72028,,,,EPOK/MIL,,,,
Waypoint,Kilo,EPOKK,54.76972,18.16028,,,,EPOK/MIL,,,,
Waypoint,Lima,EPOKL,54.60500,18.24861,,,,EPOK/MIL,,,,
Waypoint,Oskar,EPOKO,54.48028,18.56417,,,,EPOK/MIL,,,,
Waypoint,Romeo,EPOKR,54.63472,18.51389,,,,EPOK/MIL,,,,
Waypoint,Whiskey,EPOKW,54.79028,18.40833,,,,EPOK/MIL,,,,
Waypoint,Alfa,EPPBA,52.57611,17.00944,,,,EPPB/VFR,,,,
Waypoint,Bravo,EPPBB,52.52139,17.13611,,,,EPPB/VFR,,,,
Waypoint,Lima,EPPBL,52.63250,17.42861,,,,EPPB/VFR,,,,
Waypoint,Oscar,EPPBO,52.67389,17.15278,,,,EPPB/VFR,,,,
Waypoint,Papa,EPPBP,52.47917,17.27722,,,,EPPB/VFR,,,,
Waypoint,Echo,EPPGE,52.29278,16.25000,,,,EPPG/VFR,,,,
Waypoint,Golf,EPPGG,52.23833,16.34111,,,,EPPG/VFR,,,,
Waypoint,Juliet,EPPGJ,52.20528,16.20694,,,,EPPG/VFR,,,,
Waypoint,November,EPPGN,52.26583,16.26000,,,,EPPG/VFR,,,,
Waypoint,Romeo,EPPGR,52.13861,16.26556,,,,EPPG/VFR,,,,
Waypoint,Sierra,EPPGS,52.21250,16.24417,,,,EPPG/VFR,,,,
Waypoint,Delta,EPPID,53.22000,16.78694,,,,EPPI/VFR,,,,
Waypoint,Kilo,EPPIK,53.12806,16.64889,,,,EPPI/VFR,,,,
Waypoint,Zulu,EPPIZ,53.19361,16.65000,,,,EPPI/VFR,,,,
Waypoint,Echo,EPPLE,52.50583,19.83639,,,,EPPL/VFR,,,,
Waypoint,November,EPPLN,52.60611,19.79583,,,,EPPL/VFR,,,,
Waypoint,Whisky,EPPLW,52.57056,19.61139,,,,EPPL/VFR,,,,
Waypoint,Charlie,EPPOC,52.51139,16.74028,,,,EPPO/IFR/VFR,,,,
Waypoint,Echo,EPPOE,52.21139,17.28583,,,,EPPO/IFR/VFR,,,,
Waypoint,Kilo,EPPOK,52.33139,17.17111,,,,EPPO/IFR/VFR,,,,
Waypoint,Mike,EPPOM,52.23333,16.83333,,,,EPPO/IFR/VFR,,,,
Waypoint,November,EPPON,52.46528,16.85944,,,,EPPO/IFR/VFR,,,,
Waypoint,Romeo,EPPOR,52.32944,17.05083,,,,EPPO/IFR/VFR,,,,
Waypoint,Sierra,EPPOS,52.37778,16.82556,,,,EPPO/IFR/VFR,,,,
Waypoint,Tango,EPPOT,52.45306,16.98000,,,,EPPO/IFR/VFR,,,,
Waypoint,Whiskey,EPPOW,52.37583,16.62000,,,,EPPO/IFR/VFR,,,,
Waypoint,Zulu,EPPOZ,52.16667,17.16667,,,,EPPO/IFR/VFR,,,,
Waypoint,Echo,EPPRE,54.25167,18.98111,,,,EPPR/MIL,,,,
Waypoint,Juliett,EPPRJ,54.14806,18.54889,,,,EPPR/MIL,,,,
Waypoint,Kilo,EPPRK,54.32194,18.77611,,,,EPPR/MIL,,,,
Waypoint,November,EPPRN,54.26583,18.74222,,,,EPPR/MIL,,,,
Waypoint,Papa,EPPRP,54.11889,18.76722,,,,EPPR/MIL,,,,
Waypoint,Romeo,EPPRR,54.14833,18.90472,,,,EPPR/MIL,,,,
Waypoint,Sierra,EPPRS,54.18500,18.68250,,,,EPPR/MIL,,,,
Waypoint,Whiskey,EPPRW,54.23528,18.47639,,,,EPPR/MIL,,,,
Waypoint,Echo,EPPTE,51.37667,19.81944,,,,EPPT/VFR,,,,
Waypoint,November,EPPTN,51.44361,19.72333,,,,EPPT/VFR,,,,
Waypoint,Sierra,EPPTS,51.29944,19.65861,,,,EPPT/VFR,,,,
Waypoint,Whiskey,EPPTW,51.41000,19.63472,,,,EPPT/VFR,,,,
Waypoint,Bravo,EPPWB,52.43611,18.08278,,,,EPPW/MIL,,,,
Waypoint,Charlie,EPPWC,52.43222,17.49694,,,,EPPW/MIL,,,,
Waypoint,Kilo,EPPWK,52.52889,17.75333,,,,EPPW/MIL,,,,
Waypoint,Lima,EPPWL,52.41250,17.86750,,,,EPPW/MIL,,,,
Waypoint,Mike,EPPWM,52.22889,18.06028,,,,EPPW/MIL,,,,
Waypoint,November,EPPWN,52.45778,17.89111,,,,EPPW/MIL,,,,
Waypoint,Oscar,EPPWO,52.34750,17.83556,,,,EPPW/MIL,,,,
Waypoint,Sierra,EPPWS,52.31083,17.81667,,,,EPPW/MIL,,,,
Waypoint,Whiskey,EPPWW,52.34000,17.55639,,,,EPPW/MIL,,,,
Waypoint,Bravo,EPRAB,51.24722,21.23889,,,,EPRA/IFR/VFR,,,,
Waypoint,Kilo,EPRAK,51.27306,21.46028,,,,EPRA/IFR/VFR,,,,
Waypoint,Mike,EPRAM,51.36611,21.49028,,,,EPRA/IFR/VFR,,,,
Waypoint,November,EPRAN,51.44306,21.20000,,,,EPRA/IFR/VFR,,,,
Waypoint,Papa,EPRAP,51.53750,21.39889,,,,EPRA/IFR/VFR,,,,
Waypoint,Romeo,EPRAR,51.40333,21.08889,,,,EPRA/IFR/VFR,,,,
Waypoint,Sierra,EPRAS,51.31056,21.25278,,,,EPRA/IFR/VFR,,,,
Waypoint,Whiskey,EPRAW,51.25083,21.07917,,,,EPRA/IFR/VFR,,,,
Waypoint,Echo,EPRUE,50.92167,19.35667,,,,EPRU/VFR,,,,
Waypoint,November,EPRUN,50.96667,19.27722,,,,EPRU/VFR,,,,
Waypoint,Sierra,EPRUS,50.82861,19.28972,,,,EPRU/VFR,,,,
Waypoint,Whiskey,EPRUW,50.90250,19.06750,,,,EPRU/VFR,,,,
Waypoint,Bravo,EPRZB,49.98389,21.94444,,,,EPRZ/IFR/VFR,,,,
Waypoint,Golf,EPRZG,49.98389,22.40139,,,,EPRZ/IFR/VFR,,,,
Waypoint,Hotel,EPRZH,50.01944,22.25944,,,,EPRZ/IFR/VFR,,,,
Waypoint,Kilo,EPRZK,50.24611,21.78667,,,,EPRZ/IFR/VFR,,,,
Waypoint,Mike,EPRZM,50.24917,22.12194,,,,EPRZ/IFR/VFR,,,,
Waypoint,November,EPRZN,50.16667,22.03333,,,,EPRZ/IFR/VFR,,,,
Waypoint,Quebec,EPRZQ,50.03889,22.06889,,,,EPRZ/IFR/VFR,,,,
Waypoint,Tango,EPRZT,49.97278,22.03389,,,,EPRZ/IFR/VFR,,,,
Waypoint,Whiskey,EPRZW,50.06444,21.73111,,,,EPRZ/IFR/VFR,,,,
Waypoint,Yankee,EPRZY,50.06583,21.92722,,,,EPRZ/IFR/VFR,,,,
Waypoint,India,EPSCI,53.54056,14.78722,,,,EPSC/IFR/VFR,,,,
Waypoint,November,EPSCN,53.60167,14.96417,,,,EPSC/IFR/VFR,,,,
Waypoint,Romeo,EPSCR,53.65111,15.06694,,,,EPSC/IFR/VFR,,,,
Waypoint,Sierra,EPSCS,53.56778,14.84694,,,,EPSC/IFR/VFR,,,,
Waypoint,Alfa,EPSDA,53.40000,14.57667,,,,EPSD/VFR,,,,
Waypoint,Bravo,EPSDB,53.40583,14.66500,,,,EPSD/VFR,,,,
Waypoint,Charlie,EPSDC,53.39028,14.69528,,,,EPSD/VFR,,,,
Waypoint,Delta,EPSDD,53.37417,14.59667,,,,EPSD/VFR,,,,
Waypoint,Papa,EPSDP,53.37250,14.86333,,,,EPSD/VFR,,,,
Waypoint,Delta,EPSKD,54.37472,17.15111,,,,EPSK/VFR,,,,
Waypoint,Kilo,EPSKK,54.36861,17.02278,,,,EPSK/VFR,,,,
Waypoint,Lima,EPSKL,54.42500,17.00694,,,,EPSK/VFR,,,,
Waypoint,Mike,EPSKM,54.45694,17.21028,,,,EPSK/VFR,,,,
Waypoint,Bardo,EPSNB,53.83056,16.10556,,,,EPSN/MIL,,,,
Waypoint,Golf,EPSNG,53.65139,16.02778,,,,EPSN/MIL,,,,
Waypoint,Lekov,EPSNL,53.81556,15.67444,,,,EPSN/MIL,,,,
Waypoint,Mike,EPSNM,53.81083,15.86167,,,,EPSN/MIL,,,,
Waypoint,November,EPSNN,53.88583,16.01194,,,,EPSN/MIL,,,,
Waypoint,Papa,EPSNP,53.76583,15.81944,,,,EPSN/MIL,,,,
Waypoint,Redlo,EPSNR,53.77278,15.96944,,,,EPSN/MIL,,,,
Waypoint,Sierra,EPSNS,53.70028,15.81889,,,,EPSN/MIL,,,,
Waypoint,Tango,EPSNT,53.75833,15.53889,,,,EPSN/MIL,,,,
Waypoint,Whiskey,EPSNW,53.73611,16.35000,,,,EPSN/MIL,,,,
Waypoint,Yankee,EPSNY,53.94361,15.61944,,,,EPSN/MIL,,,,
Waypoint,Juliett,EPSSJ,50.81750,16.49722,,,,EPSS/VFR,,,,
Waypoint,Kilo,EPSSK,50.81167,16.64139,,,,EPSS/VFR,,,,
Waypoint,Lima,EPSSL,50.75694,16.53972,,,,EPSS/VFR,,,,
Waypoint,Zulu,EPSSZ,50.87306,16.61306,,,,EPSS/VFR,,,,
Waypoint,November,EPSUN,54.16972,22.93111,,,,EPSU/VFR,,,,
Waypoint,Sierra,EPSUS,53.93556,22.97861,,,,EPSU/VFR,,,,
Waypoint,Whisky,EPSUW,54.09333,22.65056,,,,EPSU/VFR,,,,
Waypoint,Bravo,EPSYB,53.54444,20.82028,,,,EPSY/IFR/VFR,,,,
Waypoint,Echo,EPSYE,53.47389,20.96750,,,,EPSY/IFR/VFR,,,,
Waypoint,Whiskey,EPSYW,53.50194,20.89861,,,,EPSY/IFR/VFR,,,,
Waypoint,Zulu,EPSYZ,53.42028,21.11806,,,,EPSY/IFR/VFR,,,,
Waypoint,Bravo,EPTMB,51.52944,20.42917,,,,EPTM/MIL,,,,
Waypoint,Delta,EPTMD,51.44472,20.46028,,,,EPTM/MIL,,,,
Waypoint,Echo,EPTME,51.52722,20.22639,,,,EPTM/MIL,,,,
Waypoint,Golf,EPTMG,51.69722,19.88861,,,,EPTM/MIL,,,,
Waypoint,Hotel,EPTMH,51.71222,20.03639,,,,EPTM/MIL,,,,
Waypoint,India,EPTMI,51.65028,19.80167,,,,EPTM/MIL,,,,
Waypoint,Juliett,EPTMJ,51.52222,20.06278,,,,EPTM/MIL,,,,
Waypoint,Mike,EPTMM,51.67667,20.21944,,,,EPTM/MIL,,,,
Waypoint,November,EPTMN,51.65722,20.16056,,,,EPTM/MIL,,,,
Waypoint,Sierra,EPTMS,51.47472,20.00611,,,,EPTM/MIL,,,,
Waypoint,Uniform,EPTMU,51.40000,20.18583,,,,EPTM/MIL,,,,
Waypoint,Whiskey,EPTMW,51.60111,19.92194,,,,EPTM/MIL,,,,
Waypoint,Zulu,EPTMZ,51.59833,20.29806,,,,EPTM/MIL,,,,
Waypoint,Alfa,EPWAA,52.06333,20.74333,,,,EPWA/IFR/VFR,,,,
Waypoint,Bravo,EPWAB,52.18417,20.61389,,,,EPWA/IFR/VFR,,,,
Waypoint,Delta,EPWAD,52.34333,21.22778,,,,EPWA/IFR/VFR,,,,
Waypoint,Echo,EPWAE,52.18167,20.98611,,,,EPWA/IFR/VFR,,,,
Waypoint,Foxtrot,EPWAF,52.26083,20.73556,,,,EPWA/IFR/VFR,,,,
Waypoint,Golf,EPWAG,51.99083,21.23472,,,,EPWA/IFR/VFR,,,,
Waypoint,Juliett,EPWAJ,52.37778,20.91667,,,,EPWA/IFR/VFR,,,,
Waypoint,Kilo,EPWAK,52.09139,21.23750,,,,EPWA/IFR/VFR,,,,
Waypoint,Lima,EPWAL,52.33333,20.88333,,,,EPWA/IFR/VFR,,,,
Waypoint,Mike,EPWAM,52.22278,21.25000,,,,EPWA/IFR/VFR,,,,
Waypoint,November,EPWAN,52.21750,21.09722,,,,EPWA/IFR/VFR,,,,
Waypoint,Oscar,EPWAO,52.19750,21.05167,,,,EPWA/IFR/VFR,,,,
Waypoint,Papa,EPWAP,52.30472,21.08389,,,,EPWA/IFR/VFR,,,,
Waypoint,Romeo,EPWAR,52.13500,20.88944,,,,EPWA/IFR/VFR,,,,
Waypoint,Tango,EPWAT,51.97056,20.83361,,,,EPWA/IFR/VFR,,,,
Waypoint,Whiskey,EPWAW,52.15667,20.94972,,,,EPWA/IFR/VFR,,,,
Waypoint,X-ray,EPWAX,52.10861,20.83083,,,,EPWA/IFR/VFR,,,,
Waypoint,Zulu,EPWAZ,52.29028,21.01083,,,,EPWA/IFR/VFR,,,,
Waypoint,Echo,EPWKE,52.53306,19.13694,,,,EPWK/VFR,,,,
Waypoint,November,EPWKN,52.65694,19.13389,,,,EPWK/VFR,,,,
Waypoint,Sierra,EPWKS,52.47472,18.88472,,,,EPWK/VFR,,,,
Waypoint,Whiskey,EPWKW,52.60361,18.88667,,,,EPWK/VFR,,,,
Waypoint,Golf,EPWRG,50.98944,16.83417,,,,EPWR/IFR/VFR,,,,
Waypoint,Kilo,EPWRK,51.04833,16.61333,,,,EPWR/IFR/VFR,,,,
Waypoint,November,EPWRN,51.12583,16.90306,,,,EPWR/IFR/VFR,,,,
Waypoint,Romeo,EPWRR,51.15556,16.95889,,,,EPWR/IFR/VFR,,,,
Waypoint,Sierra,EPWRS,51.07500,16.88389,,,,EPWR/IFR/VFR,,,,
Waypoint,Zulu,EPWRZ,51.25000,16.84167,,,,EPWR/IFR/VFR,,,,
Waypoint,Delta,EPWSD,51.18000,17.19250,,,,EPWS/VFR,,,,
Waypoint,Oskar,EPWSO,51.29806,16.90917,,,,EPWS/VFR,,,,
Waypoint,Tango,EPWST,51.30139,17.06250,,,,EPWS/VFR,,,,
Waypoint,Alfa,EPZAA,50.59389,23.17444,,,,EPZA/VFR,,,,
Waypoint,Bravo,EPZAB,50.71806,23.03278,,,,EPZA/VFR,,,,
Waypoint,Lima,EPZAL,50.66333,23.19556,,,,EPZA/VFR,,,,
Waypoint,Sierra,EPZAS,50.75083,23.24083,,,,EPZA/VFR,,,,
Waypoint,Zulu,EPZAZ,50.72194,23.13361,,,,EPZA/VFR,,,,
Waypoint,Charlie,EPZGC,52.03167,15.62694,,,,EPZG/IFR/VFR,,,,
Waypoint,Delta,EPZGD,52.15806,15.52000,,,,EPZG/IFR/VFR,,,,
Waypoint,India,EPZGI,52.30417,16.13139,,,,EPZG/IFR/VFR,,,,
Waypoint,Kilo,EPZGK,52.06667,15.86000,,,,EPZG/IFR/VFR,,,,
Waypoint,November,EPZGN,52.16472,15.81194,,,,EPZG/IFR/VFR,,,,
Waypoint,Sierra,EPZGS,52.12167,15.81028,,,,EPZG/IFR/VFR,,,,
Waypoint,Whiskey,EPZGW,52.09750,16.09528,,,,EPZG/IFR/VFR,,,,
Waypoint,Zulu,EPZGZ,52.23083,15.80556,,,,EPZG/IFR/VFR,,,,
Waypoint,Alfa,EPZPA,51.96639,15.53333,,,,EPZP/VFR,,,,
Waypoint,Charlie,EPZPC,52.00278,15.41667,,,,EPZP/VFR,,,,
Waypoint,November,EPZPN,51.99722,15.46667,,,,EPZP/VFR,,,,
Waypoint,Sierra,EPZPS,51.92222,15.44444,,,,EPZP/VFR,,,,
Waypoint,Zulu,EPZPZ,51.99972,15.56667,,,,EPZP/VFR,,,,
